{
    "index": {
        "0": 0,
        "1": 1,
        "2": 2,
        "3": 3,
        "4": 4,
        "5": 5
    },
    "model_name": {
        "0": "XGBoostGBMModel",
        "1": "XGBoostGBMModel",
        "2": "XGBoostGBMModel",
        "3": "XGBoostGBMModel",
        "4": "XGBoostGBMModel",
        "5": "XGBoostGBMModel"
    },
    "fold_id": {
        "0": 0,
        "1": 1,
        "2": 2,
        "3": 0,
        "4": 1,
        "5": 2
    },
    "model_id": {
        "0": 0,
        "1": 0,
        "2": 0,
        "3": 1,
        "4": 1,
        "5": 1
    },
    "ACCURACY": {
        "0": 0.7540983607,
        "1": 0.7368421053,
        "2": 0.7392739274,
        "3": 0.7606557377,
        "4": 0.7434210526,
        "5": 0.7359735974
    },
    "AUC": {
        "0": 0.8934372481,
        "1": 0.8941146555,
        "2": 0.889019595,
        "3": 0.8916366568,
        "4": 0.8855663521,
        "5": 0.8806053873
    },
    "AUCPR": {
        "0": 0.7925522329,
        "1": 0.7908183738,
        "2": 0.7758868353,
        "3": 0.7770222152,
        "4": 0.7768805618,
        "5": 0.7593174015
    },
    "F05": {
        "0": 0.7540983607,
        "1": 0.7368421053,
        "2": 0.7392739274,
        "3": 0.7606557377,
        "4": 0.7434210526,
        "5": 0.7359735974
    },
    "F1": {
        "0": 0.7540983607,
        "1": 0.7368421053,
        "2": 0.7392739274,
        "3": 0.7606557377,
        "4": 0.7434210526,
        "5": 0.7359735974
    },
    "F2": {
        "0": 0.7540983607,
        "1": 0.7368421053,
        "2": 0.7392739274,
        "3": 0.7606557377,
        "4": 0.7434210526,
        "5": 0.7359735974
    },
    "GINI": {
        "0": 0.7868744961,
        "1": 0.7882293109,
        "2": 0.7780391901,
        "3": 0.7832733136,
        "4": 0.7711327043,
        "5": 0.7612107745
    },
    "LOGLOSS": {
        "0": 0.6132314605,
        "1": 0.6087053019,
        "2": 0.6267064309,
        "3": 0.6195567429,
        "4": 0.6334469425,
        "5": 0.6464839091
    },
    "MACROAUC": {
        "0": 0.7697308472,
        "1": 0.776222742,
        "2": 0.7622480148,
        "3": 0.760440909,
        "4": 0.7432481484,
        "5": 0.7310869251
    },
    "MCC": {
        "0": 0.631147541,
        "1": 0.6052631579,
        "2": 0.6089108911,
        "3": 0.6409836066,
        "4": 0.6151315789,
        "5": 0.603960396
    }
}