{
    "gain": {
        "0.01": 0.0272108844,
        "0.02": 0.0544217687,
        "0.03": 0.0816326531,
        "0.04": 0.1088435374,
        "0.05": 0.1428571429,
        "0.1": 0.2789115646,
        "0.15": 0.4013605442,
        "0.2": 0.5238095238,
        "0.3": 0.7142857143,
        "0.4": 0.843537415,
        "0.5": 0.9455782313,
        "0.6": 0.9795918367,
        "0.7": 1.0,
        "0.8": 1.0,
        "0.9": 1.0,
        "1.0": 1.0
    },
    "lift": {
        "0.01": 2.7210884354,
        "0.02": 2.7210884354,
        "0.03": 2.7210884354,
        "0.04": 2.7210884354,
        "0.05": 2.8571428571,
        "0.1": 2.7891156463,
        "0.15": 2.6757369615,
        "0.2": 2.619047619,
        "0.3": 2.380952381,
        "0.4": 2.1088435374,
        "0.5": 1.8911564626,
        "0.6": 1.6326530612,
        "0.7": 1.4285714286,
        "0.8": 1.25,
        "0.9": 1.1111111111,
        "1.0": 1.0
    },
    "k-s": {
        "0.01": 0.0272108844,
        "0.02": 0.0544217687,
        "0.03": 0.0782312925,
        "0.04": 0.1054421769,
        "0.05": 0.1394557823,
        "0.1": 0.268707483,
        "0.15": 0.3775510204,
        "0.2": 0.4863945578,
        "0.3": 0.6224489796,
        "0.4": 0.6666666667,
        "0.5": 0.6700680272,
        "0.6": 0.5714285714,
        "0.7": 0.4523809524,
        "0.8": 0.3027210884,
        "0.9": 0.1530612245,
        "1.0": 0.0
    }
}