{
    "gain": {
        "0.01": 0.0274124705,
        "0.02": 0.0548177272,
        "0.03": 0.0789407004,
        "0.04": 0.1052530609,
        "0.05": 0.1304725727,
        "0.1": 0.2532768732,
        "0.15": 0.3749954914,
        "0.2": 0.4868383797,
        "0.3": 0.692980273,
        "0.4": 0.8311427357,
        "0.5": 0.9079012862,
        "0.6": 0.9528469262,
        "0.7": 0.9780627955,
        "0.8": 0.9901206751,
        "0.9": 0.9956103926,
        "1.0": 1.0
    },
    "lift": {
        "0.01": 2.741247054,
        "0.02": 2.7408863621,
        "0.03": 2.631356679,
        "0.04": 2.6313265224,
        "0.05": 2.6094514542,
        "0.1": 2.532768732,
        "0.15": 2.4999699423,
        "0.2": 2.4341918985,
        "0.3": 2.3099342434,
        "0.4": 2.0778568393,
        "0.5": 1.8158025725,
        "0.6": 1.5880782103,
        "0.7": 1.397232565,
        "0.8": 1.2376508439,
        "0.9": 1.1062337695,
        "1.0": 1.0
    },
    "k-s": {
        "0.01": 0.0263157895,
        "0.02": 0.0526315789,
        "0.03": 0.0740131579,
        "0.04": 0.0986842105,
        "0.05": 0.1217105263,
        "0.1": 0.2308114035,
        "0.15": 0.3382675439,
        "0.2": 0.4309210526,
        "0.3": 0.5904605263,
        "0.4": 0.6474780702,
        "0.5": 0.6123903509,
        "0.6": 0.5296052632,
        "0.7": 0.4177631579,
        "0.8": 0.2856359649,
        "0.9": 0.1441885965,
        "1.0": 0.0
    }
}